study_hours,attendance,extracurriculars,sleep_hours,num_subjects,online_resources,study_groups,average_score
17.483570765056164,66.69930329036279,1,7.284559251415594,8,0,0,89
14.308678494144077,64.18271361337601,1,6.007026733305087,6,0,0,83
18.23844269050346,85.45720998174546,0,7.638830809289553,6,0,0,100
22.61514928204013,88.25902905947605,1,7.028721666123628,6,0,1,100
13.82923312638332,61.26344579302568,1,6.037769636433536,8,0,1,85
13.829315215254097,97.4484898497476,0,7.7318084273066106,5,1,0,100
22.896064077536955,62.0788513460589,1,9.706522164680115,9,0,1,94
18.837173645764544,81.65185341204281,0,6.713644312409052,7,0,1,100
12.652628070325239,88.36242077803666,0,8.079636913222274,5,0,0,100
17.712800217929825,94.83876494984342,0,5.0600905631932545,7,0,0,100
12.682911535937688,88.56347728529711,0,5.565345434772987,9,0,1,100
12.671351232148716,92.06912332279168,1,7.7086094168205666,8,0,1,100
16.20981135783017,73.57800770171224,1,9.226174042803947,6,1,1,100
5.43359877671101,92.5930045498605,1,7.53342002317849,6,1,1,100
6.375410837434837,63.204593855387,0,6.530412954215269,8,0,0,69
12.188562353795136,95.7926662424211,1,6.998937108135031,5,1,0,100
9.93584439832788,81.90369504614945,1,5.124388399045424,5,0,1,100
16.571236662976368,92.69191079849975,0,7.90677298953305,7,0,0,100
10.459879622393945,78.092731380732,0,8.323499593485113,8,0,1,93
7.938481493323542,85.743107807861,1,6.3218645007503795,5,0,1,100
22.32824384460777,81.05610643744453,0,6.294936778360748,8,0,0,100
13.871118497567322,89.26358087021327,0,7.398817344478073,9,1,1,100
15.33764102343962,63.26519928122358,0,6.3449203959391065,6,1,1,88
7.8762590689327165,62.41408335962255,0,6.900801078061266,6,1,0,75
12.278086377374088,69.88412936040586,1,10.149582683749774,6,1,0,92
15.55461294854933,66.38178720452754,0,6.629461448881005,8,0,1,86
9.245032112888486,94.87134266368807,0,6.462489771968166,8,1,1,100
16.87849009172836,68.76855949432178,0,6.028687291547262,7,0,0,85
11.996806550405974,99.03461023276526,0,8.116287957249906,6,1,1,100
13.541531251033616,73.47583167084427,0,6.728163740172845,7,1,1,97
11.991466938853016,67.28471662754797,0,6.025940442517861,6,1,0,84
24.261390922544688,91.58794028569916,0,8.981956048409518,7,1,0,100
14.932513876310331,86.34831102003504,0,9.129404506770456,7,0,0,100
9.711445355220498,79.92782865812556,1,6.099364651391943,9,1,0,99
19.112724560515943,82.21454203750525,0,4.200190072959076,7,1,0,100
8.895781750144888,88.76807113089055,1,8.511270534755383,8,0,0,100
16.044317975023777,69.13818965325194,0,5.973055261359994,7,0,1,90
5.201649380601122,99.85335664226967,0,8.185938398744153,6,1,1,100
8.359069755507846,98.99172648587133,0,4.044844273432247,7,0,0,100
15.984306179345618,86.01302745387747,0,8.338896007448964,5,0,0,100
18.692332899977053,67.9816980371658,1,5.183242106078828,6,0,1,96
15.856841405949853,87.20912969725165,0,8.096146178599787,5,1,1,100
14.421758588058797,62.887936359167036,0,7.021409601754651,6,0,1,82
13.494481522053556,61.22610008823224,1,5.569090870905033,8,1,0,84
7.607390048162863,70.30731554044854,1,6.389445530609829,8,1,0,87
11.400778958026457,78.50491826957266,0,8.029477685435051,8,1,1,99
12.696806145201062,94.73090021633521,1,7.158841679672851,5,1,0,100
20.285611131094576,89.08676279065233,1,7.876619470708726,9,0,0,100
16.71809144784231,89.70826084799924,1,9.964660876773229,6,1,0,100
6.18479922318633,77.01973337792302,0,4.653637582433423,8,0,1,88
16.620419846973974,73.83739970187852,0,9.425818862452935,6,1,1,100
13.074588597918417,74.8415505193841,0,7.156533906284819,5,0,0,87
11.615389998470206,99.50598254944231,1,5.6518239275153075,9,1,0,100
18.05838144420434,61.6043676564993,0,5.004529561391515,5,0,0,79
20.154997612479754,94.68125984489794,1,6.71631941383445,6,1,0,100
19.656400595580994,83.14701634289574,0,8.382475167886689,9,1,0,100
10.803912383886807,77.54461676758362,0,6.808676319433698,9,0,1,93
13.453938120743928,89.01030641660546,1,9.266732395371022,5,1,0,100
16.65631715701782,79.46675765698811,0,4.823236464922662,8,1,0,100
19.877725635611796,94.93692952326643,1,6.981866578230918,6,1,0,100
12.60412881077355,96.02807456045034,1,5.121409833380321,7,0,1,100
14.071705116680914,76.86883707493821,0,7.545447823937452,7,1,1,100
9.468325129969859,71.07311188940207,1,8.33033108514595,5,1,0,90
9.018966879596647,83.69401314373448,0,6.36885730947842,6,0,1,97
19.062629111970992,96.49453382466764,0,3.0936792150592987,6,0,1,100
21.781200142854114,68.42648756022666,1,7.298422220194742,5,0,1,100
14.63994939209833,84.9186633425393,0,7.655107827600264,6,0,1,100
20.01766448946012,85.26240880370082,1,7.606442132442546,8,0,1,100
16.80818012523817,89.32452089661123,0,8.853673287733232,5,1,1,100
11.774401226974378,65.2627074050904,0,5.393419480526427,8,1,0,82
16.80697802754207,88.63299858728354,0,8.020324158175674,6,1,1,100
22.690182832329846,96.36130082662564,0,8.788761268716963,5,0,1,100
14.820869804450242,67.18732435480968,0,4.332118623990224,6,1,0,87
22.82321827907003,69.5017329969551,1,7.479477738878466,5,0,0,97
1.9012744795512777,98.85580376166558,1,6.243730253488493,6,0,0,100
19.10951252187612,67.23907810837959,1,6.877715990347531,8,1,0,96
15.435235341190856,94.17540373478317,1,7.5215147253075045,8,0,1,100
13.504963247670663,79.69111425792138,1,6.2691571538296715,6,0,1,100
15.458803882677511,69.88924297612708,1,5.986437881257582,5,1,1,100
5.0621554269955364,94.82999605090046,0,7.051228626232037,7,0,1,100
13.90164056081244,77.81221020010662,0,5.369131091705796,8,0,0,91
16.78556285755873,80.59269415718761,1,5.371262306672222,8,1,1,100
22.38947022370758,74.36933477599062,1,8.019059924434755,7,0,1,100
12.408648908631763,83.71803405739709,0,5.276808947262015,6,0,0,96
10.957531985534061,66.54095490340092,0,7.999468751363818,5,1,1,87
12.491214782077318,75.64326146607043,0,7.693886939280927,6,1,1,98
19.57701058851037,98.7764928934115,1,4.411289906814105,9,1,1,100
16.643755548298422,70.3253373080451,1,5.983653021496517,8,1,1,100
12.351198981164806,86.26946658165168,1,8.79116410457106,9,0,0,100
17.56633716556678,73.00760256898779,0,5.528251703290477,8,0,0,90
15.485387746740201,90.93892502746402,0,6.303393606535918,8,1,0,100
19.843224952664446,65.23494642873399,1,7.693091339877845,9,0,0,90
11.489734530613237,98.79284180314178,1,8.175085763923892,9,0,0,100
13.361689267011158,78.15158165534557,0,6.622691670933256,6,1,1,100
13.039459234339212,69.44201853385856,0,6.103734707962538,9,1,1,92
7.682425259339407,62.93986989320051,0,9.133554792547761,6,0,0,70
16.48060138532288,66.79031620350163,0,9.608349495696368,6,1,0,88
16.305276360899448,80.79095794224071,1,8.468287076172693,6,1,0,100
15.025567283212304,73.48012705725145,0,7.127977213847536,8,1,1,98
13.827064333124266,93.15533463530437,0,5.78760141753861,8,0,0,100
7.923146289747929,77.23550094647223,0,5.7543333901651526,9,1,1,95
12.896773386173205,69.9485709035052,1,7.783771157898636,8,0,1,92
13.286427417366152,84.6857994641612,1,7.627597331333026,9,0,1,100
10.988613653891905,88.27108867541783,0,9.102397889419644,8,0,1,100
14.193571441669954,66.681676316038,0,7.975675138804209,5,1,0,85
17.020254284072692,66.7047686515327,0,4.7453795473602725,5,1,1,93
24.43092950605265,61.46685707734172,1,8.577921426584378,9,1,1,100
15.872889064159194,89.45608060262562,1,5.502909059028381,8,1,0,100
16.28775195361382,86.5521811048722,1,6.424043092071472,8,1,1,100
14.627770421169163,78.98523502999255,0,7.3753003093775416,6,0,1,98
5.406143923504793,93.76681795876789,1,9.993501234675946,7,0,1,100
14.867430622753915,92.22680611800213,0,11.664877834008042,9,0,0,100
15.301151049705132,83.41417457587008,0,7.910084588704274,7,1,1,100
27.31621056242643,94.73085122053035,0,6.725205071919418,7,0,1,100
14.038195176094387,68.23364840147073,1,7.801758472720826,9,0,0,87
16.507736711668063,64.47678477590911,0,8.331483138810754,8,1,0,85
14.826441151473784,70.78998446067959,1,6.518998561664213,9,1,1,100
9.156609811902339,62.28347424357259,1,9.692817033868483,7,0,1,81
20.714114072575104,81.24678112004128,0,7.345106138787103,8,0,0,100
18.759665163433873,97.46422769179846,0,7.746614633637091,5,1,1,100
18.955159735215233,61.573741626740386,1,7.998886378081692,9,1,0,90
10.453062726026305,64.88439656040107,0,7.632379915921684,9,1,1,85
22.013971554680495,78.08796113133741,1,8.258410750704417,8,1,0,100
7.990744686038596,97.3550007011162,0,6.074120220179616,5,0,1,100
17.934285469001352,72.64624419907003,1,6.162547369080954,5,0,0,95
25.952278129049894,80.2893923475357,1,5.349768650542458,8,1,0,100
10.047318374346558,61.662914362015684,1,7.659251845930339,6,0,0,76
12.16851135198614,65.93372803848355,1,8.16840475526817,9,0,0,83
15.498256825438206,99.46520491835388,0,7.686659299227829,9,1,0,100
12.482621729419003,98.60474785744182,0,9.511738650021305,7,0,1,100
7.246682844669337,60.19759923737639,1,6.99160597175643,8,0,1,77
15.342814874030136,98.07247141692956,1,8.003112483388769,7,0,0,100
9.688481431369475,85.56479751262002,0,5.362448685791028,7,1,1,100
17.36796215317591,94.71673178080088,0,6.419350446288399,5,1,1,100
10.402878828830985,78.18959422535437,0,8.043306636348666,9,0,1,93
22.749672025087698,80.62384114317001,0,8.273653166114716,7,1,1,100
11.083733538318814,79.5538632102768,0,6.559049578503727,5,1,1,100
13.389692418971622,86.67457030184417,0,6.892601122212899,8,1,1,100
19.067586086848348,65.58605019025252,1,4.723189379978786,7,0,0,89
8.845678417830225,61.19894359490712,0,6.464456198790086,9,0,1,75
16.137299673020646,72.31719766364763,0,8.33557474527968,7,1,1,98
21.53571377141214,88.18723050946588,1,7.86280752415985,8,0,1,100
6.962583827193862,68.07413808491793,0,7.750998582071815,7,0,0,75
15.923169292661521,86.93729733299669,0,7.07466053077144,9,0,1,100
16.299413971242117,98.79648184429081,0,7.010594737942265,5,0,1,100
18.90911435888655,63.75602863157673,0,6.0095182907898295,9,0,1,87
8.81524644560959,86.90408472900505,0,8.048242630303802,5,1,0,100
8.397716934578618,77.75000877218284,1,7.631459416584085,6,0,1,96
17.60970782808449,94.72569017510021,0,7.738028271989199,9,0,0,100
16.48492336616593,67.08599157789544,1,6.210947735998629,9,0,1,93
16.252464251729382,87.70503808904658,1,3.7699856201931334,8,1,0,100
16.732241047484877,93.52461158592442,0,8.645729067630544,7,1,0,100
11.599876392107547,97.78456877896093,1,6.281743815987394,5,1,0,100
16.161268485805017,87.32992113158583,0,5.705836353935319,5,0,1,100
16.465362366493405,79.8869905603371,1,8.04021836787099,8,1,0,100
11.42824290986816,84.71388960804856,1,6.411981040121305,8,1,0,100
24.328872555723784,94.75619937914873,0,8.589904576069934,7,1,0,100
17.36916460455894,82.82438986555319,0,7.9255089243650465,7,1,0,100
9.043482513986756,61.21548238787347,0,8.025353984800716,9,0,1,75
18.28276804316915,97.23794782027912,0,4.951066433199198,6,1,1,100
10.126591648863393,87.58107004126245,0,8.8179159780796,7,1,1,100
18.93542301871226,87.06053543108986,1,7.391875796850784,8,0,1,100
20.79297789503702,68.62700609590868,1,6.4460842911306955,7,0,0,94
10.896588408241447,86.35541880930629,1,7.215082701013377,5,1,1,100
19.81688064622161,75.75457622616634,1,4.33564715065252,6,0,0,100
17.06390463468249,86.04931908165969,1,7.612979217221007,9,1,1,100
19.11030079997245,64.26372121231962,1,5.455942737726893,5,0,1,93
24.483964913269737,86.31381218412145,1,4.970994571234698,5,0,1,100
13.773059419985648,99.97654903082666,0,4.716461220673163,6,1,0,100
11.231319178212551,61.92848155442224,0,8.669032562484889,9,0,1,78
10.552427851872384,99.0869673688527,1,6.056104909460817,8,1,1,100
10.920948575172808,76.27631842891482,1,9.300591564874749,9,0,1,97
14.61449145292948,94.83013801349037,0,6.196297805421553,7,1,0,100
16.70575987408322,91.29541936233093,0,4.43896306361058,5,0,1,100
16.383453996650097,82.68065043946672,0,5.325213340077012,7,0,1,100
19.13591624518012,89.53796837005306,0,8.853717430010407,8,0,0,100
15.065009459389534,95.14062245205392,1,6.766152733094999,7,0,0,100
22.267670385786584,76.16561286604131,0,6.177569055264098,9,0,1,100
13.67671583381022,73.08132646252955,1,7.240027338779181,7,1,1,100
28.600845832948096,86.70373542254339,1,7.752674104251318,8,0,1,100
18.12833673882503,92.31383767765034,1,8.67609822385369,8,1,0,100
10.714212217918586,90.49140539106463,0,9.17274884483939,8,1,0,100
9.645537509694439,91.91254595434538,0,6.460347031316371,9,1,0,100
17.412362076215928,77.42333259251731,1,5.010928470876943,8,0,1,100
13.882686073370746,92.71336864700086,1,6.379802258315086,5,1,0,100
18.57000247046046,64.80836221482434,1,7.3904207598743294,8,0,1,93
17.366188122867726,81.77956391843398,0,5.554361610684084,7,1,0,100
14.635855436715635,60.230346419924864,1,5.564273627657435,7,1,0,84
10.766031409657975,72.98343319601081,0,7.5156818223248285,7,1,0,88
7.425763876570677,74.65846139485592,1,6.9270214726443236,9,1,1,97
12.767425239664895,75.84690766437022,1,7.04919549311738,7,1,1,100
19.28199397161736,87.8186882675945,1,5.8622569979498955,9,0,1,100
16.07046872065102,75.54232405081383,0,6.654398928691349,9,1,1,100
8.77130610644006,77.94774490490123,0,5.6136502835975435,8,1,0,91
15.86590462925591,69.5017652349731,1,8.33529761668718,5,0,1,95
16.926586898644185,74.9300716651736,0,8.552874002085629,8,0,0,91
10.580712818994336,69.09078509052605,1,4.230718206642859,8,0,1,89
15.76862552972764,62.92783695073774,0,5.6057337097113855,9,1,1,88
15.29104359223,84.13794373525512,0,4.755206117364882,9,1,0,100
9.285148510846884,86.72851194220065,0,6.024964098389653,7,1,0,100
16.788936801741418,84.77961384038458,1,6.874843045314459,7,1,1,100
17.80392263184117,78.5397617520229,0,4.825532170452204,8,1,1,100
20.415256215876383,75.19143120716919,0,5.6172102803120305,6,1,0,100
20.269010260174515,94.53334598287302,1,5.494063941877752,6,0,0,100
8.111653160214544,80.76327140544872,1,7.310900994098416,7,0,0,93
10.310874800424386,79.16727510518925,1,7.104016505554376,6,1,0,99
17.5751763360433,61.02568263225743,1,5.91739366999412,7,1,0,88
17.568929754561044,73.64991310504625,0,7.265231308209097,9,1,1,100
17.575238431530238,75.20782475143429,0,6.179979873119102,8,1,1,100
34.26365745327361,75.95291123587602,0,6.59251733451092,5,1,1,100
17.854452553465833,83.2068947690933,0,9.510178135447806,8,0,1,100
20.677828200902994,81.34410186907513,0,9.010691577685522,7,0,0,100
19.770008817466014,84.31620371173778,1,5.050628144608604,7,1,0,100
18.25695625652899,90.59533046168514,0,8.244598626818762,8,0,0,100
13.423653776798272,92.51942954864374,0,8.217094831737388,7,1,1,100
18.794846102466337,88.72492304905978,0,5.277605066871073,6,1,0,100
11.13587392731214,98.22094783819739,1,8.228166465632292,6,1,0,100
13.815906966299956,60.729303307054465,1,9.30689787761883,7,0,1,84
12.573182260854482,67.83111942734185,0,5.316182790633379,7,0,1,85
15.409370696931612,60.302514999125684,1,5.623745768478605,6,1,1,90
26.573292833367542,85.89898856618412,1,8.526492200265254,7,0,0,100
5.663674037041259,95.92122195799948,1,7.4072429662384724,7,0,0,100
18.43130095187257,69.73929186305197,1,7.827214412859285,8,1,1,100
6.936420644051742,97.08138179185227,1,7.510883824600745,5,0,1,100
12.640340671052833,62.41069561158243,1,7.586043881392216,6,0,0,80
20.444752984836832,97.37744107222056,1,5.010291807533376,8,1,1,100
15.321400095477314,74.06490748958538,0,8.570976559932173,5,1,0,94
9.611276110353469,64.05683313796867,0,8.754384988641661,7,0,1,78
11.423481453700159,79.43487036745303,1,6.655913883897958,7,1,1,100
18.39798874467338,70.27106270882032,0,6.934784575279206,8,0,1,93
11.348166841414317,71.39491607847691,0,4.703338746166416,7,1,0,87
16.082292947909874,72.29159859705146,1,7.771382134026752,9,1,0,98
15.227859199519068,92.12103591330654,0,7.858086162571216,8,1,1,100
11.741998261970915,81.56645106701018,1,6.906713474501034,5,1,0,100
25.719720446626628,72.45230796624014,1,8.686530039805755,8,0,1,100
18.169595111590056,84.41335133243673,1,6.498884153530089,6,1,1,100
4.874287066711965,88.64602696892774,0,7.8469088888404,8,1,0,98
15.932271573847139,70.90496002934135,0,5.470503491961827,7,1,0,91
11.69106767615806,76.54196406101406,0,6.964671773688643,7,0,0,88
19.26216667398112,64.87544373347791,0,6.738468613145746,9,0,0,84
11.037396307836497,67.24597398138721,1,7.337961883061412,9,1,1,93
14.426317792665506,87.24471415859931,1,6.445709606749962,9,1,0,100
17.524936394902287,67.25753390782508,0,6.802791106492498,5,1,0,89
19.328775970850607,81.0065353466824,1,8.23907075716226,9,1,1,100
8.998517964721119,88.3618504688973,1,6.344853644142674,5,1,1,100
13.327493820795258,64.27507692378975,0,4.590134348891981,9,1,1,87
12.62527344419522,82.69248878515614,1,9.62437585630813,5,0,1,100
11.73335383713144,70.26251134805455,0,9.07218111803573,8,1,0,86
23.827271201405484,98.5170750095032,1,5.0616059573415715,8,1,0,100
17.024908554804778,79.34182586879699,0,8.034561707867791,7,1,1,100
8.695580228324774,92.23970199100633,1,6.245537844172985,5,1,1,100
19.58930973527388,82.00906168625048,1,7.39523082299659,6,1,0,100
25.610780985063165,61.736501314192765,0,7.4413361935202404,7,1,0,92
20.162326302755734,85.32605502376089,0,6.648388299525517,8,0,0,100
7.403150170229933,98.05613368826627,0,5.824351501620406,5,0,0,100
12.578829635668743,84.06447280585326,0,5.964188421525611,9,0,0,96
21.334555745933113,92.7675543770716,1,5.6257121267781365,6,0,1,100
11.461652671906096,95.36825853393631,1,5.752266687654333,8,0,1,100
17.219097140731144,69.1231908779573,0,6.899232564925967,7,0,1,91
18.873170267146683,68.48179359632907,1,5.926360016333872,5,1,1,100
10.365347642109585,84.43923955403967,0,8.02307809856893,6,1,0,99
14.702373219691,76.44113879226819,0,9.23086923300389,5,1,1,100
-1.2063367003453642,93.59445211466881,1,6.129920137944936,9,1,0,100
9.878061793328552,96.00092493592044,1,7.359106750803066,7,1,0,100
13.737159243034199,74.13685517210872,0,7.7495276654544005,5,1,0,92
8.761084090175753,69.47482235897928,0,7.708003406378912,8,0,0,78
23.162056519658176,91.22102060975448,0,7.113932901874131,7,1,0,100
7.849293110196837,70.99224142192544,1,8.114023627539584,8,0,0,83
12.79977756651508,92.90457274054714,1,7.7233734290209854,5,0,0,100
15.653702886430457,76.94953014595052,1,5.143506366509053,7,1,1,100
22.206366445330577,86.70199597165882,1,8.30373409658391,8,1,0,100
7.8206892441028035,63.82141255338673,0,8.330936255900113,9,1,1,81
20.815818760774796,84.95437298706292,0,5.855070843732127,9,1,1,100
15.051165305097935,78.07070714948917,0,7.056906753171403,5,1,0,98
10.092456744760245,83.46433852701897,0,8.024993489216603,7,1,0,98
17.310517371316354,66.72056830979454,0,6.686029270630957,6,1,1,94
15.995298477867351,89.47494979776728,0,8.609467071649018,7,0,1,100
11.998915614206027,94.51188310172914,1,10.54580874192904,9,1,1,100
15.349010424950094,68.66959200363102,1,5.821020951047526,8,1,1,99
13.0734320156912,63.82858222080647,0,4.928433095269337,6,0,0,76
15.56758672625624,60.94554344185346,0,7.455727893407314,5,1,0,81
18.310653372605234,85.67886001773064,1,8.082343757689216,6,1,0,100
22.93008408072676,84.28376144355123,1,6.653700439232846,5,0,1,100
8.810922505865754,81.86789650856281,1,9.179890994981552,6,1,0,100
25.665166873281333,69.27788384463902,1,4.992091300415127,5,1,1,100
5.239561002387491,75.63623983622058,0,8.039377934547417,5,1,0,85
14.241074524822084,83.77905340744692,0,6.09120876886166,6,1,1,100
17.941586032422883,79.87067435436677,0,9.579066859310945,6,1,0,100
16.404959338675162,99.51142080859549,0,9.988773029752178,5,1,0,100
11.886502400897031,65.45759010226932,0,5.850015118324978,9,0,1,82
13.959388748213623,87.80578216190375,1,6.17566429613713,6,1,1,100
12.534995326705836,76.17275072417169,0,8.289381830469702,7,1,1,98
12.053176215278942,77.1279845970246,1,6.4193040253157285,8,0,1,99
19.248010485105123,88.70391062632706,0,6.931883173101642,5,0,1,100
16.785077429825236,87.69744605297478,0,7.038082630813615,5,1,0,100
11.53545202369673,99.65023974808753,0,4.120490265703515,8,0,1,100
19.497999377166252,65.135771578165,0,6.9792433808586445,9,1,0,89
16.536497604383047,64.16438597536666,0,5.965408338903739,8,1,0,85
19.0643105941948,88.97355268514964,1,6.260315766400342,6,0,0,100
18.14814420961806,83.13547668025636,1,9.16544800520322,8,1,0,100
10.855024945389639,70.96642666239224,1,5.115239658581116,5,1,0,91
12.199094799015153,63.176774759559464,0,8.219807780121966,8,0,1,80
18.736468025616308,63.42632998385722,0,6.581555604502287,7,0,1,87
18.051851327167324,95.76763498656473,1,6.5803597472562485,6,0,0,100
14.895492030179259,67.67469298874971,0,8.185557844077566,8,0,0,82
15.58663691654391,72.93486248462082,0,7.5100769418533355,5,1,1,98
21.388324478942124,69.06625608907952,1,7.855919495829296,6,0,1,100
12.042143055820851,74.1998522332775,0,8.452276990799291,5,0,0,86
17.735486905850188,62.77695370984374,1,6.503037425225016,9,0,1,90
13.98903673783053,80.76239163633082,0,6.081644898238375,7,0,1,99
13.911593983863899,62.7045025436886,1,5.372274210163303,9,0,1,86
20.49388425993595,92.01426031289446,0,5.761884205031567,7,1,0,100
19.12708174494015,69.34848327641733,0,11.423641637963087,8,0,1,93
19.067548180003193,81.60047658418043,1,8.86701937110518,6,1,0,100
21.527394035771646,95.20316350245832,0,4.973388450687968,8,0,0,100
15.105019208163796,86.03509476188776,0,5.016313064884645,7,0,0,100
18.40976485647482,81.31831146205342,1,7.722799092577738,7,0,0,100
13.44866621703272,72.97335012461502,0,7.820897196066951,7,0,0,86
16.62083176244221,73.32007652232792,1,7.8233257529760465,5,0,1,99
14.349284728161576,86.77947820792761,0,6.617566309669453,6,0,0,100
15.484979824963592,99.7655744488467,0,6.811818609995649,8,0,0,100
17.97578512718457,86.47356759397515,0,7.4918192862390365,8,0,0,100
10.908896583832638,82.311336694801,0,7.128839509439995,9,1,1,100
25.461936378427303,89.22602040956984,1,3.671049440878697,7,0,1,100
9.96991309250149,78.60822449134872,0,6.6553005541372094,7,1,1,98
8.92905693606134,62.40569370403141,1,5.72289034860953,7,0,1,81
20.790554367500338,82.4918726351164,0,7.262817128362768,8,1,1,100
18.95831346981468,98.3050113802152,0,11.477888503905115,9,0,1,100
18.120599085260775,67.01211769430638,0,7.551222498211457,5,0,1,90
18.1417275463214,87.60019563282663,0,6.529705470741403,6,0,0,100
14.938766135765427,68.03734754636226,1,8.382702252965878,5,1,0,92
10.513728142570843,81.43310737892325,1,7.724031830813819,8,1,1,100
15.379022790968632,63.86705798586878,1,7.630141735677762,7,1,0,89
11.614191442439441,78.0148374503274,1,7.910275889823507,6,1,0,99
19.875598667088756,90.24653315580984,0,10.084815347244312,8,0,1,100
14.264713092489307,73.90286096955928,1,5.303667347011126,8,0,0,93
10.872514016037442,86.59646897948872,1,7.710448115217182,8,0,0,100
13.393070791735033,91.81799843158916,0,5.610428305027693,6,1,1,100
17.06465727137812,97.08711277917811,0,7.833268969513372,6,0,0,100
12.181377235980126,69.38568327421814,0,5.621970232770859,9,1,1,91
10.888898022167844,75.97263663237233,0,6.373949779592373,9,1,1,96
16.218436057459563,66.0966405332167,1,6.5573651286431405,5,1,0,92
16.224832855543614,99.69934008633501,1,8.463725079017063,6,1,0,100
12.46528412314435,97.08003871697181,0,8.37768166591362,6,1,0,100
12.644808471908386,81.59828521122239,0,5.131423935330423,6,0,1,99
16.16024968678818,93.68133177505685,0,7.082401166499773,9,1,1,100
7.759578292513379,80.83831909088168,1,5.935630217876241,8,1,1,100
7.962681128117223,84.94342752011039,1,5.112242633986998,7,0,0,97
11.40777889373782,63.56497728464066,0,6.674474424363444,9,1,0,79
13.932764241440763,90.21081681987232,0,6.537275817316271,6,1,1,100
16.554537827990025,65.1085393454094,1,10.640074729518282,9,0,0,86
22.376781084747762,93.04270521010113,0,7.649439738041044,5,0,0,100
19.288298116010097,91.28112350681543,0,4.933573748868644,6,0,1,100
14.200307350182864,88.34978790971905,1,6.152838993743586,5,1,1,100
14.904918960486556,61.44641522099049,0,8.532074943144098,6,0,0,76
9.987353176810956,72.12513423781314,1,10.132664159304888,9,0,1,92
14.90743432003805,70.52450279643372,0,4.621025031643063,8,0,0,85
13.556706805399308,74.40545629886077,0,4.1801134222914325,7,1,1,97
16.613592801690448,63.505709870553545,1,9.806447763057673,5,0,1,90
10.863845282238385,97.47831292124252,1,7.5844212660563555,9,1,1,100
17.596732571205862,82.15208962849505,0,5.69756090218545,8,1,0,100
22.66369456501289,72.22097242632094,1,7.801943629183653,9,0,0,99
14.456199257715712,75.87926068297133,0,3.0463783914746836,5,1,1,100
17.008558610494706,77.88810162019342,0,7.005063259895741,7,1,1,100
18.450719958555563,84.02377333442469,1,7.491731759264628,9,0,1,100
12.993897640570818,80.62717710785991,0,8.386405209306744,6,1,0,98
16.120462409052084,96.7756789285767,0,5.479156071561194,8,0,1,100
15.062962003908975,79.8785393162332,1,7.128530742105038,9,1,1,100
15.48838049274416,99.6863205929325,1,5.611863060910619,8,1,1,100
11.134951080722669,94.05699830980383,0,7.383075633511476,6,0,1,100
15.122550871294713,68.34042057429343,1,5.656980516455464,7,0,0,88
17.489991456227248,97.22380858575664,1,6.387848741259669,7,1,0,100
22.25571803897521,64.65465591541904,1,5.506276907814657,6,1,1,100
19.796354130426035,92.69798833964767,1,7.976704362735486,8,0,0,100
25.765912287557782,75.22493173906321,0,8.287676674984997,9,1,0,100
11.163262185559752,95.11897281780278,0,6.64806914506388,6,1,0,100
19.361603183603393,94.72226760429801,0,7.0573569924400426,5,1,1,100
15.916710028691758,92.23701600470486,1,4.827112878049684,8,1,0,100
25.94901466608836,91.60121745228246,1,6.5504850279898195,7,0,0,100
10.958508573224243,72.18716556392164,1,6.924693074437383,6,0,0,88
10.80139078909612,63.23677132205009,1,10.931189636544962,7,0,1,84
12.00303677277989,76.11920715060646,1,5.332049461338754,8,0,1,98
4.380521378450965,66.94098059946035,1,9.196265858128656,7,0,0,76
12.371224891596196,87.79804355609846,1,8.495288160198712,6,0,0,100
11.20433669223151,73.84398906151142,0,7.420954606735204,8,1,1,95
15.751968932381038,99.0244080343966,0,9.6379307262927,5,0,1,100
16.708779878885796,85.63888309381328,1,7.558158208910294,6,1,0,100
24.380854196079433,92.89922254537444,1,7.583738793501893,9,1,0,100
19.75211919093025,65.30098690967394,1,6.920319020473682,6,1,1,100
12.115481721687985,94.4805792909049,0,8.835353323627942,8,0,1,100
10.50792664325821,96.91028762053577,0,8.644703850716326,6,1,0,100
17.459595857532527,79.48247675275744,1,6.061484068755681,5,0,1,100
8.398833964896788,84.2501175100391,1,5.021129208101849,5,1,0,100
24.15729382927177,90.59239203611982,0,6.6955290439065145,9,1,0,100
20.897200603606436,66.9935450904165,0,5.7999421534035305,7,0,0,87
12.654121739476476,80.1026430585377,0,6.904713138076968,8,1,1,100
6.434327354545612,75.94652111089252,0,8.856157202026209,8,1,0,87
21.769361870827062,65.85495968648996,1,6.314047517369815,7,1,0,97
14.42730077373691,74.70137689166125,0,6.935764928032638,5,1,1,99
21.189081559867308,62.726892375419744,0,7.087034102212593,5,0,1,88
7.0278617060281645,61.03247627797948,1,8.272646323307928,6,1,0,78
12.003124885231136,65.4066515661929,0,3.629665999023092,9,1,0,82
15.026218498590916,98.52460446356696,0,6.089949557852055,9,0,1,100
15.234902968823711,81.98118143580068,0,7.316925538419209,9,1,1,100
12.749672642603782,98.6328864461288,1,8.800118434640291,6,1,1,100
18.114249661737492,77.29991513320527,0,6.262146328740692,9,1,0,100
9.661897853087028,72.47264532341038,1,4.185170940937189,7,1,0,92
14.288102574893532,80.24567451360977,1,7.929567168949204,6,0,0,99
15.601478158559495,77.58046754531641,0,6.046956416761556,7,1,1,100
17.572194170293745,64.22658737046976,0,5.215500011364458,6,0,0,81
18.55807439044445,85.63305258760825,0,6.063481915430164,9,1,1,100
9.376789540810654,68.64152730038398,0,6.723211963516226,7,1,0,83
7.329429146321889,84.78351819591319,1,6.09288300319268,7,1,1,100
21.388384109492545,86.00804369592613,0,3.6916509143513965,7,0,0,100
16.661570059897958,66.08099412514592,0,8.345599295330699,6,1,0,87
11.257567317217232,62.453985084426726,0,8.912312561918084,8,1,1,83
22.755759877612615,91.2304634427376,1,7.977282987009259,9,0,1,100
15.578373171464293,78.39201695077281,0,5.293471494362775,7,0,0,93
20.896485920319133,62.32655182021903,0,6.697762699078723,8,0,1,88
15.337592407050545,99.79465268679068,1,6.990218027155813,9,0,1,100
25.303739624409936,62.31122243985467,1,7.898191584342865,9,1,0,97
23.77670421221602,87.80140915434212,0,8.002510733077122,7,1,1,100
13.755179257604633,99.34715701053653,0,5.898739301832256,7,1,0,100
19.85785475477178,69.56720416863702,0,7.1229933346203405,6,1,0,94
18.226879747925736,65.68997474748785,0,7.685920606922862,8,0,1,88
21.843157787661745,64.85539757689716,0,9.18373348322015,8,1,1,96
10.175382697099478,72.13100590270382,1,8.056759809737084,7,1,0,92
18.430257299992196,64.04183244042586,1,8.183585031063279,9,1,0,92
20.29212243424794,87.68645366776528,0,7.125739941894041,7,1,0,100
6.206302567884428,62.49167192520251,0,9.115688717805256,9,0,0,68
9.083707436671125,80.37688512599159,1,7.614644193939246,9,1,0,99
4.803839111199498,99.86787415411908,0,5.708368134739644,7,1,0,100
13.652965827777212,92.55881078024075,0,9.105054955187786,5,1,1,100
18.58771127897981,84.60877752924043,0,8.046854908808541,8,0,1,100
22.51178526048014,72.25014483146447,0,6.335433968307276,9,0,1,99
15.370473902098876,84.95583345166554,0,6.280760548901135,9,1,0,100
23.143077727856458,81.08165855646607,1,7.4448633177111425,5,1,1,100
8.099492708925542,77.04333535561486,0,7.694777192901377,6,1,0,90
6.483087803224226,65.22841506960798,0,7.295938398446809,5,0,0,71
14.722261505516906,95.46416860961867,0,7.466963010164327,5,1,1,100
16.920327244696537,77.99138595285291,1,9.549936061864571,9,1,0,100
14.836526259529535,67.7849004728306,1,8.607314728352328,8,1,0,92
4.662789499800617,74.71037403509159,1,7.285953386897536,5,0,0,84
14.554399802436057,76.56519010115709,1,8.411965871151224,6,1,0,100
8.477652497475734,93.10151582267497,0,5.451214144708691,7,1,0,100
18.348362744150194,89.34457522245609,1,7.596890574920213,5,0,0,100
16.83299123048424,90.77219574565359,0,9.713959524599666,5,0,1,100
10.300601068363225,60.44125057714589,0,6.67293115691144,6,1,0,75
12.430665413316532,76.64615992719047,1,5.728549107071373,8,0,0,94
9.703932390555241,79.25376606541295,1,6.021866667110409,5,1,0,98
14.68660451363414,60.76769107292227,1,5.365550443986417,5,0,0,80
19.775711602506192,70.39252834980137,1,5.822857137808445,8,0,1,100
10.071369768322281,90.4115929248854,1,6.444237852114957,6,1,1,100
17.520232577589223,65.48438822915996,0,4.8916494712320375,5,1,0,88
12.348711908137796,81.41240525810366,1,7.023427500924405,8,1,0,100
11.035635838688279,68.6080748806895,1,8.35341576067997,5,0,0,84
14.46484820022721,60.48483098575573,1,5.638365729779619,7,1,1,89
9.823788387903129,69.64805830398166,0,9.278925885462654,9,1,1,89
12.231753473264089,99.03495019640215,1,7.766188132791392,7,1,1,100
9.010610537055758,92.06148447531959,0,8.545870878436086,5,1,1,100
24.823625664581947,98.38306577284133,1,6.013248169221795,6,1,0,100
15.176317759858643,79.5141617570545,1,8.281787840599923,9,0,1,100
11.501372460037071,64.38944794710014,0,5.3620991494070305,7,1,1,85
16.06989955367111,81.91837955894772,1,8.335371251254763,8,1,0,100
14.438359751545851,78.17509338239844,0,7.257759009690297,6,0,0,92
13.895152002333885,93.77428330958463,0,7.8298768299771755,7,1,1,100
18.070833500217127,63.923303231369786,0,5.236608091562722,8,1,1,91
18.787538550236526,79.52964548087112,1,5.657395236585093,5,1,1,100
12.347494261947363,66.00194658775936,1,7.895842327380077,8,1,1,93
12.1209087967766,72.9870370756024,1,5.577477993663699,7,1,0,95
13.62474151424178,89.49428309551199,0,7.694809438148685,7,0,0,100
3.4903941763220754,79.04072517475066,1,4.949293290309631,5,0,1,92
7.424044689007239,75.03553140583077,0,8.272261319000002,8,0,1,87
21.834371337222624,75.7790511428014,1,5.151215027847236,8,1,1,100
23.224838567506417,78.37787073623946,0,7.8284499065192845,5,0,1,100
13.754819802218108,91.40066175348227,0,7.938446400469001,8,1,1,100
17.882784815278832,95.68338755760938,0,5.954842272355638,5,1,0,100
16.556250772717682,98.21338746015712,1,7.87303985062709,6,1,0,100
30.39440404227619,91.4761354502118,0,7.390663395000334,7,0,0,100
20.597874557172883,72.61627582992051,0,6.1917372157108925,6,0,1,98
14.360412042596167,87.52538824346169,0,5.487167973885688,9,0,1,100
10.222297796997871,77.50412496221568,0,4.056061462491131,9,1,0,92
6.967768398712138,70.18682488184204,0,7.52447507094954,9,0,0,77
16.017318179336115,93.6348631770369,0,4.652795842956918,5,1,1,100
11.218246273578483,61.537053958493,1,7.143016299161962,8,0,0,77
7.888731452011629,96.07047968541694,1,6.604827675876626,6,0,1,100
11.767135578787368,78.45909858498936,0,8.018714163157293,6,1,1,100
9.592259981928025,85.48805907233123,1,6.546931750765204,6,1,0,100
23.435708175362823,86.37415688823131,1,6.505828320479363,6,0,0,100
19.408198784747253,95.80470962826146,0,8.097806056432443,9,0,0,100
14.960136793416913,85.46678728668829,0,7.502587043626177,6,0,1,100
22.39972069445013,84.55734339040248,0,7.474233935774167,8,1,1,100
15.386841538238091,62.6660816224276,1,7.70390138471279,9,1,0,88
10.693578993358681,80.73632087780817,0,4.696641815189341,6,0,1,96
22.615620386348287,66.00676003268167,1,8.135183019980474,5,0,1,98
17.694550218423295,89.49735074885942,0,7.918703191020404,7,1,1,100
9.813769228367718,80.48887683250697,1,5.474975307135255,7,0,0,95
14.048306609581958,87.20911116833413,0,6.633879289488698,7,1,1,100
10.621908733076214,61.66691602409537,0,6.9410390685585535,9,1,0,77
8.08600134517832,63.39168064183213,1,6.798254823397401,6,1,0,81
19.630887737658206,88.65293552250729,1,7.500789949852802,9,1,1,100
24.547083202350652,62.883373439946936,1,9.147050172746775,8,1,0,97
8.007162130904295,62.85026911061034,1,8.622650091509243,5,1,1,85
17.814846183452854,60.4843390093955,1,5.031671209852891,5,0,0,83
11.746787154390866,98.2600559319792,1,7.933104985459073,7,1,0,100
12.56437308117652,89.50033437836028,0,8.993399979303113,7,1,1,100
12.038030378805654,74.13005634008256,1,7.580212781033804,7,0,0,91
10.68004615160092,71.86142325150621,0,8.63647063777895,6,1,0,87
15.242608139724135,73.98812918983398,0,10.018405668551148,8,0,0,89
10.84524941794481,90.98614124724728,1,8.535564319160471,8,1,1,100
16.352284128899193,86.45482444281657,0,7.373962893462593,8,0,1,100
14.748809452754315,67.40782271469871,1,8.56763271112713,8,0,0,87
13.805259765667952,66.96437341336338,1,7.217331749645337,7,1,0,90
10.462181689792011,63.935825988535896,0,7.035854564927433,5,1,0,79
12.116143347158337,86.41210878805353,0,6.472878646429401,7,1,1,100
18.77695612912878,90.57490648886943,1,9.345120038248162,8,1,1,100
17.504585938121902,70.60185713300017,1,5.7723570010869985,7,0,0,93
10.112223776007244,60.837798441236515,0,9.298551587017174,8,0,1,75
15.496661527146129,63.28686669905709,0,7.749796185610557,9,0,1,83
18.756935616858947,98.71440139380121,0,4.9010407377970875,5,1,1,100
6.652973594393142,71.81779109909681,0,7.551473939487132,9,0,1,83
17.716800961899676,90.76892591352535,1,3.8499602385225637,6,1,0,100
11.686881205270767,84.98654275417056,1,7.938262025246553,7,1,1,100
17.852993342965796,75.27758558611583,1,8.327847224483486,6,0,1,100
11.183704217287415,68.22749048782221,1,6.11146606652192,7,1,0,89
5.975589496677404,64.85545672637626,0,7.185321543933373,9,0,0,70
6.862287810584187,84.60051872155466,0,9.93123615062543,8,1,1,100
15.24042473330691,90.98535122551152,1,6.241379943607095,8,0,1,100
16.29861250860741,85.75617014164523,1,5.411638619415099,7,1,0,100
10.478416874477958,81.21208532996633,1,9.222495103693898,8,0,0,96
18.19296229388687,61.67804893726545,1,9.943880785796193,9,0,0,84
6.6923996886552,98.73955110377536,1,7.005543507771771,8,1,1,100
14.669601006763417,91.94856766618298,1,8.517194553112535,9,1,1,100
8.944919001187717,71.71288146803859,1,9.012213873296322,6,0,0,85
11.740819460989204,99.19881317435403,1,5.886273651192424,9,1,1,100
15.23699335658207,84.07526358545289,1,6.272041246948198,5,1,0,100
10.697933173580239,83.29690632828985,0,8.846311769732102,5,1,1,100
13.077222278850874,89.9229271771813,1,9.527521418062765,5,0,0,100
20.0314640460722,92.4707915236055,0,7.844321290261532,7,0,0,100
12.115540652384256,86.2591442932601,0,5.680278469746918,7,1,1,100
19.17846056032571,65.123829854648,1,9.980591667549161,7,1,1,99
9.35146572671191,73.53070023977993,1,6.203543653282053,9,0,1,92
17.649020889576413,97.12334561304199,0,6.497293328242822,7,1,1,100
22.207843103289502,68.98462447375408,0,7.5135067517344325,6,0,1,96
2.6417774993635526,74.88668095350053,1,9.331240631072161,5,1,1,92
11.015523722647616,77.28307531776784,0,8.280963964828336,9,1,0,93
17.8853606359027,77.57619958777809,1,7.622298250542865,5,1,1,100
13.984773069785037,84.51758329978102,1,7.694932795177159,7,0,0,100
16.855729366856544,97.72303350978831,1,7.065272002965199,9,0,0,100
11.980074066420897,69.6277084733002,0,7.837209271777759,8,0,1,86
15.4329489373645,64.86005505203673,0,3.2056598834585452,6,0,0,80
14.221613823039602,67.8988195943975,1,6.5550888113953025,7,1,0,92
20.838910308299035,95.47699600837078,0,7.361982902375171,7,1,1,100
16.272104216506065,85.83243250620825,0,5.273478874570739,6,0,1,100
16.68801331037601,71.4362715695664,0,7.57948497671734,6,1,1,98
12.940615169387662,92.63787755874469,0,6.6932931685208175,8,1,0,100
12.561968879637533,94.45479985453744,0,9.633213547473236,7,0,1,100
12.837209060901895,93.86057354761112,0,9.359529587822284,7,1,1,100
16.972260711891483,96.75706134558217,0,6.301291646322756,5,1,1,100
12.895077595898686,70.08964080693447,1,6.773743432649957,9,0,1,92
16.448874284482066,90.20167714985114,0,6.889078651587411,9,1,0,100
25.377003993227195,78.4215798909656,0,6.322510785760566,5,1,1,100
19.355623517158463,93.67994211560246,0,7.29253747604219,9,1,0,100
13.369882339160794,89.13962708646453,0,5.862576896668615,6,0,1,100
21.006069610819722,91.05789785998898,0,5.304076997593711,9,0,0,100
12.959623134892244,86.24647350724285,0,7.934066835850403,9,1,0,100
4.809377324110731,67.09715077878828,0,7.944294376332716,5,1,0,76
9.95956844541298,81.80107675587753,0,5.793526360510011,8,1,1,100
5.646040394870722,99.38678958098032,1,8.343033146143899,9,0,0,100
13.242432579793457,97.49552265988476,0,6.052633406252003,9,0,1,100
15.092091895947759,61.72694943188047,0,7.379747857056972,8,0,1,81
23.382186561376415,66.59259262917749,0,8.230516018918685,5,1,1,99
16.634636868820813,65.26915093818248,0,6.949581152944431,8,1,1,91
13.904497355955678,89.03919639941182,1,7.682111368211702,5,1,1,100
19.147027905917447,92.71141319427781,1,6.225355534168642,6,1,0,100
3.944323454960575,68.54045465242687,1,6.705300124857854,5,1,1,87
16.178072790542828,80.23410771807316,1,6.69121085367949,6,0,0,100
18.854325969434832,93.628121120448,1,5.8801324801896415,6,1,0,100
7.607068771100792,89.31206179065002,1,6.734838755326327,5,1,0,100
20.718770216034645,81.68948821967393,1,4.67707255170438,7,1,0,100
16.69248203747207,83.61390761835091,1,6.263269379286843,5,0,0,100
12.923560430495993,80.33442187665119,1,6.572686759945494,9,1,0,100
18.163909330531425,71.90193805275283,1,6.61573037125693,9,0,0,95
26.35346428902198,82.60087971436064,1,6.637753831193832,7,0,1,100
15.909331275292477,87.55541208200363,1,6.907353700209806,6,0,0,100
16.24110293150168,94.9329166344323,1,7.7191622771290955,7,0,1,100
12.70319550229878,85.45165415916992,1,8.311775611198783,9,0,0,100
10.750778152676041,90.44486148172632,1,6.0253521597276,7,1,0,100
19.151679082721227,66.40286539818293,1,5.195198716916283,5,1,0,95
10.719580870455664,78.4622989767916,0,5.436933381635345,7,0,0,89
15.357831186096963,60.373264793083735,1,6.269195618207609,6,0,1,85
12.611712766174417,69.86715458086492,0,6.472118023275236,5,0,1,87
17.39489912873196,89.05846860452019,1,5.845005900703814,8,1,1,100
16.66831052643474,99.67239805397455,1,5.055825003625158,9,1,0,100
20.187699721289498,63.967123983488634,0,6.315818758788717,9,0,0,84
12.449918005726264,76.05977263445153,1,7.272139930170957,7,1,0,98
13.650625323533143,92.00283874796638,0,7.892544198753347,5,1,1,100
10.106181421088463,68.16142538515595,0,6.163865420337518,8,0,0,78
12.778533699619441,82.20339797209145,0,6.380503266784849,5,0,1,99
16.88650246522426,89.32285184118699,1,5.609952536729034,9,1,1,100
18.78494308322676,84.63941801040716,1,6.952841244437836,5,1,0,100
10.389173379111874,67.52098938461664,1,5.727357048713778,8,1,0,87
19.3480296005283,74.21538274742957,0,7.8596917198618,7,0,1,98
21.778189294024756,91.35167137941589,0,4.3212002620988335,6,0,1,100
17.067174516118506,82.16906056528066,1,6.460555491321307,5,0,1,100
24.38397906279033,60.20918454171651,1,7.451661008787613,6,1,0,94
11.131054004482134,90.43963040112375,1,7.275751774483757,9,1,0,100
8.776726483442914,61.41245419760956,1,11.039550495970744,7,0,0,75
6.106398755478606,89.82935130924929,1,7.524700036851861,7,1,0,100
22.480221557445915,68.0992224066095,0,5.493918104736984,5,0,0,90
18.27182828177029,98.32293920477521,0,6.85680362936639,7,1,0,100
14.722076645447725,74.71763005208338,0,4.335630499800322,5,0,1,94
16.399843131599102,73.07726465352316,1,6.879100376054859,5,1,1,100
9.372554763508116,65.95552201329778,0,5.750415914498862,6,1,1,85
27.22875989808413,72.22416861960859,0,8.373085413340242,7,0,0,99
15.646105909876137,95.06603047312802,0,6.175689588106698,5,0,1,100
15.546973973024464,99.85337350508989,0,6.82485112630713,6,0,0,100
18.62883311949346,74.73238122027394,0,6.046663237893394,8,0,0,93
17.405046158683568,77.94442523818171,1,9.608277027779998,6,0,1,100
16.119420121395656,88.88283752810949,0,6.518135850823133,6,1,0,100
11.047627722773441,95.44783121860297,1,9.748835565218803,5,0,1,100
17.357341785679978,83.72177336747137,1,8.2212276431774,9,0,1,100
24.41012248237517,75.66102792711317,1,7.723100091003079,9,0,0,100
21.727100230774887,76.50487363394495,1,7.553099720976279,9,0,1,100
22.965933133196984,87.82472585987227,1,7.590695947324377,6,0,1,100
12.443921617844074,60.12873054417115,0,4.1084911309815855,5,1,1,82
10.051975898707095,84.78357349839362,0,6.5816749087738655,7,0,1,99
14.37106539950176,74.2197204176543,1,8.267736956776481,6,0,0,93
15.278624561443474,91.76789325108336,1,6.926654224788842,6,0,1,100
20.470957592354743,63.71962559292528,1,4.892215229794637,5,1,1,99
6.537676851425903,83.52809067793562,0,6.9213933241337955,8,1,1,100
22.64775159730307,79.23891559544495,1,9.556158274383236,6,0,0,100
14.209960507105054,85.6930210362091,0,8.870337573302079,8,0,1,100
12.8655946502629,62.594143779318735,1,6.906993985950953,8,1,0,85
9.939478123699162,83.19935149712525,0,8.42717391558713,9,1,1,100
6.725716640671154,82.45938351838095,1,6.450239469447922,5,1,1,100
19.115852919809573,82.42640377664684,0,4.444192619759922,8,0,1,100
15.366589835942019,84.13950666385819,1,5.613301017805668,5,0,0,100
8.55019550129473,87.05871748905449,0,9.344333152762296,9,1,0,100
8.52460613968192,92.1995599872308,0,6.589010377256043,5,0,0,100
13.321076503549358,70.79282880512858,0,6.634924030937473,6,1,0,89
23.345107626446964,93.00197640720248,0,6.550242705587679,8,1,0,100
13.702043243181976,79.93022729053814,0,9.85620488435951,5,1,0,98
7.4842852344094695,63.08233116537325,0,9.438938373043095,7,0,1,75
13.771284679570279,62.342037169759166,0,10.3281703501722,5,1,0,81
13.636382151261648,73.36953274784243,1,6.761432184399923,8,1,1,100
1.5155667852921422,91.3958790844587,1,7.443436733120643,9,0,0,97
14.728525667410938,88.30723738963663,1,4.725036175868813,9,1,0,100
13.84532734895661,91.54459858689626,1,9.215401639177411,8,0,0,100
18.48103182406709,80.69076225766437,1,5.248330673098097,6,1,1,100
24.244780474726724,77.60795991821962,0,7.325163345643944,6,0,0,100
20.632825147738785,65.89810106825136,0,5.354046208550734,9,1,0,91
13.655556547225848,73.12771014437246,0,6.116699759891956,9,1,1,96
9.467370456291649,77.36077464695501,0,5.744106353425449,8,1,1,96
27.866799016249303,63.54401718718469,0,6.088187108986273,6,1,1,100
15.296092170072441,68.82447810844845,1,6.191315945276532,9,1,1,99
15.069646459564732,83.92901176254955,1,6.177596807612384,6,0,0,100
14.879374564449984,89.42652456956759,1,8.250000867670462,9,0,1,100
15.990423803839274,99.93390045571799,1,5.34270581040622,5,1,0,100
14.278197940380288,97.32453325374232,0,7.3308121405208,7,1,0,100
12.131689965598818,85.70260798140765,0,8.826938728458337,5,1,1,100
12.265705293798039,76.84992213176288,0,6.230205453229906,9,0,0,89
14.836233648920008,85.4470945883293,1,5.9231216638785975,7,0,1,100
12.282876144331176,91.42606472320928,0,6.654213062229624,7,1,0,100
11.435771086614178,64.7334476369355,1,8.769587812541065,9,0,1,86
15.532151138459485,76.39619558785154,0,7.291161446430037,9,1,1,100
13.725113912895724,93.59209142542468,0,6.203178558088602,6,1,1,100
22.519964942913443,75.35331807732176,1,7.725814976782059,9,1,1,100
1.745150958034941,82.87489084908746,0,5.346561775245365,8,0,1,89
20.45753425961231,83.51077443448793,0,8.022039265664421,9,1,1,100
21.230425962488145,67.37905012534557,1,7.612910961552651,8,1,0,98
4.633048837959253,74.48941766609154,0,6.538287293291674,9,1,0,84
13.286562029598256,73.38045154967729,1,5.742121302329154,6,0,0,91
13.142795670021043,61.047868341282594,0,5.669978616574814,8,0,1,79
7.962441526410894,60.96767055565421,0,7.802226004518865,5,0,0,68
11.110916562045624,93.26788174703094,0,8.843470753733593,8,1,1,100
9.447120772670857,70.9228323989125,0,6.044038379456808,6,0,0,80
23.761352217118116,80.72315064955262,0,7.687580055327226,8,1,0,100
19.678391965737305,71.94902294355091,0,3.8694594720968967,9,0,1,96
21.357775474970794,97.62716980461363,0,6.1230734040142005,9,1,0,100
18.608360320216175,70.37187035463094,0,6.953411600693647,6,0,0,88
9.354741143913854,77.1862725095574,1,5.635474874527249,7,1,0,96
12.377398668601131,94.90921001938408,1,5.595240437815606,9,0,1,100
17.44687280613959,93.67734267167235,0,5.99833066529667,5,0,0,100
8.889360955540273,67.4440567138511,0,7.43828909248956,6,0,1,81
18.56499215086194,92.10573239182841,1,6.719006472390438,8,1,0,100
13.798373009209325,78.3274754695157,0,3.642653150012542,8,0,0,92
13.125895962252013,79.31875488341421,0,3.818949771047401,5,0,0,92
18.554799841017456,65.33919889663775,1,6.089702233214237,9,0,0,88
17.2213165574302,63.22406055028499,0,7.686529879080328,6,0,1,85
13.1951691709046,89.1175722789506,0,2.878742735912148,5,1,0,100
20.79664901682124,79.85844609421198,1,6.250404735772554,9,0,1,100
9.594683362000513,77.47402810460719,0,6.210628215223869,6,1,1,97
18.07967803472132,89.18032914609587,0,9.082506667312671,8,1,0,100
17.96550628984192,90.6205159596444,1,6.422467282430705,6,1,0,100
13.452267803430049,66.35632670677414,0,7.574483477111393,7,1,1,89
16.63066511121059,84.40900597910564,1,7.211885710131195,6,0,1,100
8.744432118073485,65.41416329110743,0,3.804150280289199,7,1,0,79
19.620135096034506,90.05500344116183,0,8.152310824947605,6,1,0,100
14.075489317785054,86.27820625068559,1,7.323094758184432,7,1,0,100
12.386384897404803,98.26458484333833,1,7.762402959511885,8,1,0,100
20.245046129184445,62.75832065425685,0,12.889356559654491,9,0,0,83
11.478281547286205,62.282188846050175,1,3.8738305907521173,7,0,1,83
7.957693518182202,71.287482987728,1,9.587044974641662,7,1,0,89
7.216854132380481,70.46822734943623,0,6.568828720899466,8,1,0,82
18.030049756728197,69.87915196287999,0,7.430993356604514,7,1,1,97
8.597853237518585,96.25018322084146,0,6.931731632048137,5,0,0,100
23.77397090992182,69.98184799398024,1,6.363645499902935,8,0,0,98
4.59035296058139,70.87798904514524,1,6.145250607641862,5,0,1,85
23.48228184145019,90.37593049671855,1,7.494263103359514,8,0,0,100
16.05508733601309,77.9895936980216,1,4.724239454992482,7,0,1,100
14.516434440648037,91.06842227820725,0,8.125868751282649,5,1,0,100
12.275404565955252,62.61464630257541,1,6.375708392672119,7,0,0,79
16.995680571760353,79.50284774693537,0,5.304895991439463,8,0,0,96
14.811826487875758,61.34454400733131,1,6.32498071300628,7,1,1,91
20.516509410082605,62.50612813821418,0,8.885723825293859,5,0,1,88
15.571138243310198,96.25749813377644,0,6.196997369475666,5,0,1,100
15.751508807309389,65.56981484470381,0,7.53768042731443,7,0,1,86
13.18193893893072,81.29682729100868,1,5.90356558642679,6,1,0,100
14.715271881394663,76.44382410402827,0,8.136882774885429,8,0,1,96
16.539008844460295,73.8937330503537,0,8.028261608185307,8,1,1,100
6.449158036716872,95.9933338274909,1,9.772913249944617,7,1,1,100
8.259072889471435,60.87293587101958,0,6.736654081751177,6,0,0,69
18.716320470113576,86.55158744702356,1,8.00298220713686,5,0,0,100
15.85432719063971,98.53577736854201,1,7.147101309308417,9,0,1,100
14.080083318236603,82.40672733847367,0,8.943807672794522,9,0,1,100
15.092169665326965,97.47289848132368,0,5.921751418586904,7,1,0,100
16.737908526808354,62.09031517144095,1,8.117507969315922,6,0,1,88
12.301201598453193,76.75173276296645,0,6.7079540558249775,6,1,1,99
11.108476372988436,70.40631163848205,1,6.9037177343372536,8,1,1,96
15.979226275488408,89.23283859922918,1,7.137628726672559,5,1,1,100
10.10813611192484,99.25188361988987,1,7.378360594640016,6,1,0,100
17.041263778572358,70.26120249776991,0,6.825656435317063,9,1,0,92
6.487081978810798,86.16698405896298,1,7.322069774755789,5,0,0,97
20.14577818662822,67.9239053103896,0,9.367177086343277,5,1,1,98
17.362987412065216,82.61321018286439,0,8.478174528422828,7,1,1,100
16.28014867156938,78.55729946753345,0,8.303731888745345,6,0,0,94
19.91345491972757,98.88021318526148,0,6.316690710964194,7,0,0,100
23.32737222231288,84.34109090785867,1,5.666138757657514,6,1,0,100
20.07185032509065,73.98025488347275,0,8.432950837356628,8,1,1,100
5.795628843341774,64.56383139551734,1,8.314070188794691,7,0,0,75
8.602115166321493,66.04987314939738,1,9.209006013626473,7,1,1,89
11.875907111521606,69.0126771980494,0,6.094029061046156,9,0,1,85
15.130455251054169,70.03866645361192,1,6.655677016959479,7,0,0,90
17.588295102345615,94.02464231364551,1,4.540773756211848,6,1,0,100
11.371280934232672,82.448911531301,0,6.41129334090869,9,0,1,98
15.933833822385392,80.93563645497466,1,8.49485576586917,7,1,0,100
11.223085338233387,64.59075487476869,1,6.300256931157703,7,1,0,85
11.942410985040258,94.4055877339774,1,7.960719692801236,8,1,1,100
7.966694515758888,88.91257212833935,1,6.7142453410032825,7,0,1,100
10.383833769445479,62.706734476000065,0,7.486085542332341,5,1,1,83
8.241576971918331,88.31340388919074,1,5.278462915276499,9,0,1,100
10.120633735113337,81.74152869370585,1,7.127814174450852,5,1,1,100
20.268208983039198,63.26901382987113,1,2.513296043648915,9,1,0,93
10.253005555840286,78.33202566114626,1,6.719655762757022,8,0,1,98
28.161910324186955,79.38785148520188,0,4.55429013442729,7,1,1,100
17.466589504404446,66.63098160653104,1,8.808991774820225,7,1,1,99
15.92418061847437,97.82792588001129,0,8.166111029146768,7,0,0,100
10.708211099093933,93.99901485922648,1,7.700006472949122,9,0,1,100
18.501549397044958,86.76089349316433,0,9.28150934073907,7,0,1,100
12.121810868811131,78.4918224400243,0,5.576625218762744,5,1,1,100
15.610049073226808,76.47062166338034,0,9.621044796873338,7,0,0,92
27.800422691343975,86.03893868603816,0,8.398287346390577,8,0,1,100
14.51970050137675,81.81727477627622,0,6.645167069171581,5,1,1,100
20.74636663142838,62.49092423527542,1,8.703430220774417,7,0,1,93
11.484117874370563,80.50010595081326,1,5.340559731382548,7,1,0,100
14.825057547515192,92.25614468931357,1,5.7632287577084895,6,1,0,100
23.85400317817755,78.36959510387832,0,6.087115415140449,9,0,0,100
11.865164711061162,62.07826310217074,1,6.206533437903977,5,1,0,83
24.062242789984644,91.45112797536132,0,5.415163535859621,6,0,1,100
18.538759677277376,68.05455128543898,0,8.834624600642988,8,0,1,91
12.187666120528661,70.34483339552155,1,6.611718399445253,9,0,0,87
18.162038695277605,66.58825413729184,1,7.528757452535319,5,0,0,89
19.86277224813365,73.2086025948599,0,6.1444729503794795,7,1,1,100
18.10904981108598,90.2700602275454,0,4.269095049177224,5,1,1,100
7.148876400547718,80.77543438015749,1,7.405086037587133,7,0,0,92
11.364314120875658,68.19525096602851,1,4.131617536870335,9,0,0,84
13.762406822242475,95.11320312608163,1,6.897048930871797,7,1,0,100
14.627832854499768,95.18327419806117,1,4.947527441750784,8,0,0,100
18.103360487753392,94.82313700184028,0,9.980913998846212,7,1,1,100
15.88850500466627,69.55184845526156,1,8.367044083262083,8,0,0,90
8.323278206449494,78.04957376723952,1,7.1586306869072205,9,1,0,96
16.900989255029817,99.399586245635,1,8.895560016482003,9,1,1,100
18.052928726419115,90.88049905239961,0,5.730526033801397,5,1,1,100
17.7989522396552,61.086696849022395,0,7.815219068005139,8,0,1,83
20.403903627773108,62.60818365041968,0,7.2997156505780705,8,0,1,88
19.16961077274452,78.55725507249332,0,7.396030122000505,6,0,1,100
17.295900396142184,96.3688082344624,1,8.908530250160151,6,0,0,100
14.649171442706765,81.54807191810858,0,8.098738154169704,6,0,0,96
6.6951953324200435,79.91250032137161,1,7.433085494237535,7,1,0,96
17.148091095662927,64.21894799826522,1,4.517668845657556,6,1,1,96
16.038438435815557,86.27120418897177,1,5.559930557080804,8,1,0,100
16.357894185976868,92.88412642400903,1,6.815936599606414,7,1,1,100
8.616257120898453,75.2168003003025,0,7.1400585614149765,9,1,0,88
9.594717297958688,91.0244740370131,0,5.3046944129891145,5,1,0,100
20.26576426666452,98.57906615603247,0,10.617515013367631,6,1,1,100
14.802224230716725,68.15065836510756,1,9.27459108288036,9,0,1,92
18.40750348686312,80.93318524778965,1,7.903177480588726,8,1,0,100
15.141591880652307,71.48551832338302,1,7.108055291925617,5,0,0,91
15.148780697478726,91.71417676135357,1,6.681686545148272,9,1,0,100
19.691419029879988,83.1037346352463,1,5.572122309966646,5,1,0,100
12.419776358913131,85.38329670201215,0,7.1162207777782935,6,0,0,97
15.480603884704918,91.91656638463576,1,7.386628810214126,8,1,1,100
12.688623556474788,75.83881890649819,0,5.1373591367775635,5,0,1,93
12.827518862838422,96.60360273628173,1,7.501264625867346,9,1,1,100
13.454139382656804,81.3211546898456,1,6.7671114267628765,6,0,1,100
16.110668858168566,66.31819291341392,0,4.138288663183913,6,1,0,87
12.606256891682612,87.8359647267521,0,5.709422483830747,9,0,0,100
21.278780627867604,91.73045401753018,1,6.379591699867533,9,0,1,100
10.526963488902481,72.67046708270107,1,9.831531486010284,5,1,0,93
14.065641779193205,94.28717027995012,1,7.834829686800637,7,1,1,100
12.801344708629125,96.24573019063065,1,4.9967776463501625,6,0,0,100
22.234889421768663,71.07617949511236,0,7.729054434126455,5,1,0,98
15.982773882557874,99.34085890860888,1,4.679044016592451,9,0,0,100
20.159222697343175,65.62846112195034,0,8.62403658083061,5,1,1,95
7.572198134815141,68.0806267360996,1,6.293313022273182,9,0,1,85
16.335251329346296,67.36899356952105,0,6.859545716891244,8,1,1,93
19.448153978117183,95.75958840031481,0,8.988694971313285,9,0,1,100
15.411419946377121,86.17170209299847,1,5.069254647123625,9,1,0,100
20.327401875326757,66.08417132889092,0,4.904322722330513,9,0,0,86
12.413557749498139,77.61293673473396,1,6.124601010480992,7,0,0,95
22.0467372009279,84.61192100279209,0,8.557568276528976,9,1,0,100
26.49449061809625,63.338563399575335,1,4.720980886784736,6,1,1,100
13.185807197801704,95.29665473629355,0,2.751766602834147,6,0,0,100
12.77248739299614,92.14414141766142,1,6.323261712386502,5,0,0,100
22.266922385588504,80.20827094306553,1,7.82761119986638,7,0,0,100
22.897860728653562,98.68506461036682,0,8.800392624608243,5,0,1,100
12.385699864233658,76.71043917100398,0,6.305257956871902,6,1,1,99
12.899065914520714,99.3644127614599,0,6.382860089325996,6,0,1,100
13.591076955697464,86.71679995214508,0,8.730851101383621,8,0,0,100
8.277747444828615,85.38685093015766,1,4.195387450456869,9,0,1,100
10.406740267579009,66.6381958118314,0,6.417218837225486,6,1,0,82
9.97929616623966,95.27711033218576,1,7.285635834887587,5,0,0,100
11.161012174479357,77.09958751682461,0,7.673828081927551,5,1,0,93
14.826575563066093,66.48933623129918,1,6.235289960213676,9,1,1,96
16.171073662682602,60.50430079903036,1,7.051661517558762,9,1,1,91
22.752502464070385,82.3902273455353,1,3.2675089698805158,8,1,0,100
10.008229796306045,81.09598488490705,1,6.012627381499227,7,1,0,100
19.921611992382918,88.77414489476635,0,7.680263068831701,5,1,1,100
13.930055778872456,95.61032212071208,0,5.52655894861798,9,1,1,100
14.752681451737836,63.17626338572118,1,7.0884763323843964,5,0,1,87
18.37409746083302,89.2598596136145,0,7.670308751204047,9,0,0,100
9.386389892188507,67.49647776390329,0,6.486176198713353,6,1,0,81
16.912048730920255,94.32708212628656,1,7.255695656494856,5,0,0,100
15.83226104106528,92.76254055446624,0,5.555901152073082,6,0,1,100
17.462256320040744,81.63175019942177,0,6.69008308045593,5,1,1,100
16.44584321953909,88.40971194493247,0,7.915324254383834,7,0,1,100
27.27650069955447,72.57400452734993,1,7.235459441452651,8,1,0,100
11.81130007874342,78.84671595731258,0,6.120203095654096,6,0,0,90
12.345015224990911,92.86547590841886,1,7.3363246064361896,9,1,1,100
11.884297367876178,78.37060788692855,0,8.071914685954926,7,1,0,95
12.222614404198726,74.31193061301767,0,3.925088082133783,5,0,1,91
11.813064363467412,79.768497890012,0,8.738611097433846,6,0,0,91
20.94508265553776,93.12997009748874,1,6.495617891978392,5,1,1,100
22.102521239949276,73.40832189483491,1,7.638234899860345,5,1,0,100
12.14626853125262,66.95046372542976,0,8.795870385467842,5,1,0,84
10.838222134478857,88.48056081323122,1,4.942489454154301,8,0,1,100
17.35707778193202,93.03912850832327,0,5.93583849635868,8,0,1,100
12.238884778595143,64.02549914094133,1,6.567176956186443,9,0,1,86
18.164659088777555,69.59496451023779,1,5.824369718313358,6,0,1,97
16.0146151042565,65.67887959043975,0,9.602404863755213,7,1,1,91
7.42127942501384,73.91765646328666,0,5.714841859259811,7,1,0,86
22.737526006650306,78.01403915621651,0,6.1666798307697,7,1,1,100
23.97938836547761,89.95305347853225,0,7.306583547404465,5,1,1,100
11.936056547578069,86.04590339526696,1,5.196775710885866,8,0,1,100
13.06149220032008,84.83714269913725,1,6.406478932365604,6,1,0,100
16.429326953624525,74.09499786438617,1,7.476179891875263,5,1,1,100
16.672283949935125,93.6579021233904,0,6.500709393426233,8,0,1,100
18.29272136336415,78.85148669592658,0,6.859919711650077,8,0,1,100
25.051022693831747,99.16419752060618,1,6.206001831327444,6,1,0,100
14.115263862529753,85.36568553182947,0,4.72829453622885,6,0,0,99
11.008513777307732,65.05058966258011,1,7.482389817008858,6,1,1,91
8.103403859927365,87.04710248301737,1,9.632399607470862,5,0,0,100
11.345349800290405,73.00416061726796,1,7.027602446175157,9,0,1,94
14.834365135631014,87.4530878674439,1,7.337896175871324,6,1,0,100
23.97278931758894,62.78564592649623,1,8.039084132675288,9,0,1,96
12.411943504819142,66.99525748703837,0,5.096004255179951,5,1,0,84
16.118939758194493,94.22949035623145,0,9.55377198719441,9,0,1,100
14.91788551963624,69.0871822809406,0,7.303493194634203,7,0,1,89
20.94196636724042,93.4816450097176,1,9.447785348633664,9,0,0,100
27.63466212936811,71.17104353817642,1,5.900450506714016,6,0,1,100
12.345656135398396,85.71527640234831,1,9.727092883836736,5,0,1,100
12.55280278740889,87.76602294039324,1,8.162733241052175,6,1,1,100
20.22080438534536,80.50619012580212,0,7.829560128778538,7,0,1,100
18.40945744813156,72.21242706786926,0,7.351036681529722,6,1,0,95
24.23353662868017,68.50577505484384,1,6.627207072888326,6,0,1,100
17.919640926629818,61.327574182497045,1,8.80079748771081,6,1,0,89
13.203539546064702,72.15785604962895,1,7.21053980477207,8,0,0,90
17.953274153461546,86.12651162125132,0,4.049395444619272,7,1,0,100
20.543517902914537,97.53219273793931,0,5.3242203074394965,6,1,0,100
19.102410905986822,94.84817929052208,0,6.721231371710879,6,0,1,100
17.53637015553649,90.6425910614121,1,7.464998474748333,6,0,1,100
20.333373447945768,91.53789373013194,1,6.915117266650157,5,0,0,100
20.846477952228362,86.59939613903981,0,8.828456184690495,8,1,1,100
21.910794955187637,70.41147430264012,1,4.073347203942063,5,1,0,100
18.243549437948214,96.28780122823319,0,7.2153819047577405,8,0,1,100
14.164409598415729,86.82929247623336,1,4.273031161919268,6,0,1,100
15.733568432166614,82.4176252392176,0,8.139568443226253,7,1,1,100
21.032544832541785,64.43957876853925,1,6.858311928336996,9,1,0,95
10.91532164506382,77.88222175225701,0,7.629414958036177,9,0,0,88
16.843366544364507,78.41433084807704,0,5.704175559115351,6,1,1,100
13.033305938363197,94.5825443809068,0,8.919197397486627,5,0,0,100
15.143724114674088,81.86592880751154,0,8.562586996088276,7,0,0,97
21.392259313036494,75.21602195881638,0,7.875316454517831,8,0,1,100
15.955495340099517,99.07201314042638,0,6.8057241297048385,6,1,0,100
15.232182740780743,64.42882373305262,1,7.869785927942698,7,1,1,94
8.200719295100404,76.90193713247778,1,5.939661148018977,7,1,1,100
18.731267830136105,61.68098700685621,1,8.283333488531069,8,1,1,95
18.227420905705376,89.59616483067721,0,9.474221341485881,7,0,0,100
25.8162736165273,96.72306208796603,0,8.60591583996878,5,1,1,100
13.461108825234996,71.20149318201958,1,5.905596295288886,5,0,1,94
16.095751638319694,94.33366707196484,0,7.542125975909654,5,0,0,100
16.246918418553776,71.68872921847591,0,5.060287684362028,7,0,0,87
22.887266398817374,96.4308064657566,0,7.858585466763514,5,1,0,100
14.52352233806524,90.15847614387135,0,7.675905119293808,8,0,0,100
16.395107628851697,92.19627107365754,0,4.1952754907017535,7,0,1,100
18.039482548582697,60.72026222401818,1,5.257324234131454,9,1,0,88
15.93304561578179,98.51241428296103,1,6.575291654884349,7,0,0,100
12.767831927247359,89.06683968281293,1,6.54871037928876,8,1,0,100
15.970449964491538,72.19004381544534,1,5.185784596871792,9,1,0,98
20.36815874929886,93.17578659435388,1,7.583468094028276,7,1,1,100
9.8674235029447,71.2608479365972,0,7.3772104134107686,5,0,0,81
15.66484837073438,94.91015358264511,0,6.7085963020322215,6,1,1,100
11.499395925304134,64.50321561647748,0,5.866312749762455,6,1,0,81
20.975233144624212,88.14743909843183,0,8.573060689624846,5,1,1,100
7.384065476081126,81.62793906579641,1,9.483110669632442,6,1,1,100
12.205390763642058,63.86137880781763,1,6.274657774230194,6,0,0,81
16.886059375322603,69.67575313035356,1,6.081749624267768,5,1,1,100
22.827620146171704,60.49616145109259,0,7.736811498117994,5,0,0,83
14.67124869463506,78.75071861858024,1,6.462955930379521,7,1,1,100
12.224002366534009,72.05061043040001,0,6.790904199005149,7,0,1,89
24.40578534720295,83.93429937191036,1,8.109479727587008,5,1,1,100
7.75993049791878,71.88951230834469,1,4.135965868739061,8,0,0,84
4.005970216899591,71.9967644602794,0,8.977453487279003,6,1,1,86
17.20007225026666,89.72772794926414,0,7.109020786494012,7,0,0,100
12.489728878236944,61.925713439134135,1,6.382760283156729,6,0,1,84
9.893835914346434,96.11579980767948,1,6.866148768667826,9,0,1,100
18.541782236496765,94.09055497564725,0,6.943644032530778,5,1,1,100
16.219003568855996,86.71218732905626,1,4.403198044832612,8,0,1,100
12.179606846316357,83.72886280429537,1,9.242407341179854,9,0,1,100
8.598478006645529,95.69209992558609,0,7.061988448405928,9,0,1,100
19.362286641400722,67.41320718114858,1,7.664503195671063,9,0,0,91
18.251005889793305,63.158766487633144,0,8.427324655861064,5,1,0,86
14.504120681103085,69.58040679638152,1,5.46825631365955,7,0,0,89
24.233184980238327,91.78313114800761,0,7.710207848552843,5,0,1,100
9.649576168369236,61.38681066905933,1,6.59853836365181,7,0,0,76
7.372374145376305,83.31227340333959,0,8.27015616282474,9,1,1,100
11.540459650593778,99.8175006476524,1,3.809158869472757,9,0,0,100
14.772069918222511,94.22784375350157,0,6.851358549638096,8,0,0,100
16.21669724661346,80.85782756174358,1,6.095769016324057,7,0,1,100
13.793819710718351,62.54563637146569,1,7.648394425951233,9,0,1,86
16.760276982571483,93.25494057542839,1,7.705066281052304,6,1,0,100
8.74230287904778,83.95914032708842,1,5.93856115776696,8,0,0,97
22.218823020366298,64.59731988238268,1,5.931739203735935,5,0,0,91
14.589244108037157,63.75429139293425,1,6.834001947164006,8,1,0,88
20.586479157940637,96.3850727774637,1,5.655036659027187,6,1,1,100
16.71362673188852,86.76801051752314,1,8.26297554317819,7,1,0,100
17.283766095768918,93.17147197267022,1,6.446189199328831,5,0,1,100
17.84883640116102,95.15915601129069,0,2.639517671017538,5,1,1,100
17.238542800086574,82.87089408193289,0,6.437766915067291,7,0,0,100
18.21361379933772,80.69785407020166,1,5.442184268734041,8,1,1,100
21.645762650662157,77.21709641283961,0,4.553086276808582,9,0,0,98
15.982605848507351,72.67786351164477,1,5.143860042666141,8,1,1,100
18.54501878794256,77.38383843434846,1,7.164112707749455,6,0,1,100
14.551321528563866,90.95518622920625,0,8.992961242372347,9,1,0,100
22.200586077247365,84.07693724060526,1,7.46977671079747,8,0,1,100
11.61803848970365,95.70093159819385,1,6.09024491767639,7,0,1,100
24.00470216455408,77.73520057516751,0,7.6838562927560545,6,0,0,100
14.799210246778284,84.28358314875015,0,6.311364534671513,6,0,1,100
7.8461244894097595,85.25230212367956,1,5.958099446255283,6,0,1,100
15.640522074553946,83.66788649225302,0,5.268455997650523,9,0,0,99
11.594741712625595,88.10535092342064,0,4.372256789872422,5,0,0,99
19.203217744943622,69.49733873499225,1,6.415114440160832,9,0,1,98
11.736880103488046,80.49455110183163,0,7.237080234880198,8,1,1,100
12.769082833926102,64.16899211233391,0,6.855064494977666,5,0,1,81
5.552296345272346,75.3804531057925,1,6.376049608078962,8,0,0,85
12.738468403754617,79.50668274485058,0,5.581380908954828,5,1,1,100
2.880603366855217,86.0889703818189,0,7.9123692875274525,9,0,1,93
7.0804858825713834,98.02124210344815,1,5.024302120080122,6,1,1,100
18.802073280721487,84.02604266193424,1,8.164041870765214,7,0,1,100
18.92900079325416,89.74375664706238,1,5.4966744716099125,6,1,1,100
17.127287808924823,80.25064237980811,0,5.871347143970448,9,1,1,100
10.165119284353935,85.36416125505326,1,4.799822214076484,5,0,0,100
14.7614432192901,62.83728864535094,1,6.247896779671545,6,1,0,87
14.981987304547157,70.17566323367387,0,8.462968687716968,9,0,1,90
9.208176554037287,74.47412372820554,1,7.773442132665934,8,0,1,93
22.51699150883575,78.89973420026054,1,8.467633168042052,7,0,0,100
19.386811452878355,61.825949820095346,1,7.7832138189009035,6,0,0,86
13.89517913085168,65.6009639021327,1,5.344495257204446,5,1,0,89
15.134429194972654,71.07257231165224,0,6.503816163508664,8,0,1,91
16.04191403973776,98.86130763604203,1,5.8297013063238055,9,1,1,100
4.791325657878547,73.25388028412203,1,8.99586235605856,7,1,1,93
13.764113087397016,79.2816423244833,0,5.204817030360532,5,0,1,98
11.590078760011007,67.84390850953572,1,8.340546534083666,9,0,0,84
9.991899950525422,84.43120284303073,0,8.339430805163154,9,0,0,94
13.594498535570226,71.22732862063897,0,9.74443030257413,6,0,0,84
23.988432634247612,68.27970313753707,0,6.385470111055754,6,1,0,97
18.20421430633505,80.66290513783916,1,8.068483239370243,5,0,1,100
12.144105051086015,60.22023196641683,0,10.422477754808265,9,1,1,82
17.862913906780793,60.30656130596901,0,6.073537484599455,6,0,0,78
